year,n_matches,n_matches_sum
1871,1,1
1872,1,2
1873,1,3
1874,1,4
1875,3,7
1876,1,8
1877,3,11
1878,2,13
1879,3,16
1880,3,19
1881,4,23
1882,5,28
1883,4,32
1884,6,38
1885,4,42
1886,5,47
1887,6,53
1888,3,56
1889,3,59
1890,6,65
1891,9,74
1892,6,80
1893,6,86
1894,6,92
1895,6,98
1896,10,108
1897,4,112
1898,5,117
1899,10,127
1900,6,133
1901,6,139
1902,6,145
1903,10,155
1904,10,165
1905,11,176
1906,12,188
1907,11,199
1908,11,210
1909,10,220
1910,17,237
1911,10,247
1912,14,261
1913,16,277
1914,12,289
1915,0,289
1916,0,289
1917,0,289
1918,0,289
1919,0,289
1920,11,300
1921,13,313
1922,10,323
1923,10,333
1924,18,351
1925,12,363
1926,10,373
1927,15,388
1928,18,406
1929,13,419
1930,17,436
1931,14,450
1932,12,462
1933,12,474
1934,9,483
1935,10,493
1936,14,507
1937,19,526
1938,16,542
1939,6,548
1940,0,548
1941,0,548
1942,0,548
1943,0,548
1944,0,548
1945,3,551
1946,7,558
1947,15,573
1948,12,585
1949,21,606
1950,16,622
1951,16,638
1952,20,658
1953,16,674
1954,19,693
1955,18,711
1956,18,729
1957,15,744
1958,24,768
1959,17,785
1960,22,807
1961,25,832
1962,21,853
1963,21,874
1964,20,894
1965,20,914
1966,20,934
1967,25,959
1968,26,985
1969,20,1005
1970,18,1023
1971,23,1046
1972,19,1065
1973,20,1085
1974,22,1107
1975,22,1129
1976,25,1154
1977,20,1174
1978,20,1194
1979,20,1214
1980,30,1244
1981,35,1279
1982,26,1305
1983,28,1333
1984,30,1363
1985,32,1395
1986,34,1429
1987,59,1488
1988,36,1524
1989,45,1569
1990,44,1613
1991,93,1706
1992,37,1743
1993,55,1798
1994,89,1887
1995,84,1971
1996,78,2049
1997,85,2134
1998,132,2266
1999,108,2374
2000,77,2451
2001,93,2544
2002,108,2652
2003,131,2783
2004,92,2875
2005,90,2965
2006,124,3089
2007,103,3192
2008,80,3272
2009,83,3355
2010,116,3471
2011,110,3581
2012,94,3675
2013,101,3776
2014,148,3924
2015,135,4059
2016,124,4183
2017,159,4342
2018,127,4469
2019,151,4620
2020,67,4687
2021,126,4813
2022,192,5005
2023,204,5209
2024,252,5461
2025,232,5693
2026,56,5749
